universe,strategy_id,period,start,end,sharpe,delta_sharpe_vs_full_target,avg_turnover,delta_turnover_vs_full_target,maxdd,delta_maxdd_vs_full_target,max_abs_exposure
US large-cap sample,defensive_momentum_nc,early,2011-01-04,2015-12-21,0.001530588746275,-0.2630966009849304,0.2076301632409378,-0.6320477099127402,-0.0585522221062807,0.0573824042421858,1.3322676295501878e-15
US large-cap sample,defensive_momentum_nc,middle,2015-12-22,2020-12-09,-0.3311355395267405,0.3718625334163022,0.2202689343477477,-0.6348492228811907,-0.0875932283946128,0.1374659448278559,1.7590096046404824e-15
US large-cap sample,defensive_momentum_nc,late,2020-12-10,2025-12-03,0.3210126580142507,0.3253732753257685,0.2208661483611624,-0.626237604404964,-0.0450194273037236,0.0732135107199727,1.1657341758564144e-15
US large-cap sample,ensemble_continuous_nc,early,2011-01-04,2015-12-21,0.3450748398253102,0.0804476500941048,0.2857882510552718,-0.5538896220984061,-0.0869621991259701,0.0289724272224964,2.0929438737660178e-15
US large-cap sample,ensemble_continuous_nc,middle,2015-12-22,2020-12-09,-0.3074347293548178,0.3955633435882249,0.3436294289497163,-0.5114887282792222,-0.1330687384668778,0.0919904347555908,2.6471880243406076e-15
US large-cap sample,ensemble_continuous_nc,late,2020-12-10,2025-12-03,0.656872321674634,0.6612329389861518,0.2978325387735734,-0.5492712139925531,-0.0503691791078652,0.0678637589158311,2.4980018054066026e-15
US large-cap sample,reversal_continuous_nc,early,2011-01-04,2015-12-21,-0.0699278538625103,-0.3345550435937158,0.7541738162927781,-0.0855040568608997,-0.0721645858421976,0.0437700405062689,2.5326962749261384e-15
US large-cap sample,reversal_continuous_nc,middle,2015-12-22,2020-12-09,0.3687282012405424,1.0717262741835851,0.8753238772627632,0.0202057200338247,-0.0558918282575505,0.1691673449649181,4.9682480351975755e-15
US large-cap sample,reversal_continuous_nc,late,2020-12-10,2025-12-03,0.4810845522290907,0.4854451695406085,0.8278541090975705,-0.0192496436685559,-0.098733613837094,0.0194993241866023,1.1102230246251563e-15
Sector,defensive_momentum_nc,early,2001-01-03,2009-05-13,0.2095208396599873,0.4368946081243645,0.1710234088514384,-0.71784134071235,-0.1096620279456047,0.1344887171167079,4.2151145392441676e-16
Sector,defensive_momentum_nc,middle,2009-05-14,2017-08-24,-0.2195329766413302,0.212599675567153,0.1431875830288453,-0.6894427956622277,-0.077002601029776,0.148788256978354,1.3690720726916342e-16
Sector,defensive_momentum_nc,late,2017-08-25,2025-12-11,0.2007590425597335,0.2984545819464916,0.1887354916808837,-0.6603802952399893,-0.0680483011329655,0.0877458563179751,1.3162834740432427e-16
Sector,ensemble_continuous_nc,early,2001-01-03,2009-05-13,0.153462935052552,0.3808367035169293,0.2639488220947876,-0.6249159274690008,-0.1443925955307173,0.0997581495315953,4.623816877148466e-16
Sector,ensemble_continuous_nc,middle,2009-05-14,2017-08-24,0.0475212034804948,0.4796538556889781,0.2994099744974472,-0.5332204041936258,-0.1156062733101287,0.1101845846980014,2.827489055168848e-16
Sector,ensemble_continuous_nc,late,2017-08-25,2025-12-11,0.2908575902203934,0.3885531296071515,0.3089785137361924,-0.5401372731846806,-0.1124109159594596,0.043383241491481,2.8157139211789496e-16
Sector,reversal_continuous_nc,early,2001-01-03,2009-05-13,0.3058209133426365,0.5331946818070138,0.6026026702232744,-0.2862620793405139,-0.1572812663818464,0.0868694786804662,8.493597666407679e-16
Sector,reversal_continuous_nc,middle,2009-05-14,2017-08-24,0.6509913507020254,1.0831240029105087,0.7002750117936137,-0.1323553668974593,-0.0661363132761578,0.1596545447319722,3.333258043027071e-16
Sector,reversal_continuous_nc,late,2017-08-25,2025-12-11,0.1135484732603653,0.2112440126471234,0.7247263209483367,-0.1243894659725364,-0.1923826502044758,-0.0365884927535351,5.13083306986232e-16
Style,defensive_momentum_nc,early,2006-02-28,2012-09-24,-0.1209552263691058,-0.0369059130610862,0.1176542538749138,-0.8360193082023696,-0.060875054176033,0.0706593904414284,3.67747325935492e-16
Style,defensive_momentum_nc,middle,2012-09-25,2019-04-29,0.0518057073482817,-0.1013552707971191,0.2058137892846649,-0.7468644088558037,-0.023025127882326,0.0411552422356478,2.1661194153995562e-16
Style,defensive_momentum_nc,late,2019-04-30,2025-11-28,-0.0388754574899058,0.1369909746101806,0.2126701177632649,-0.7377221065979568,-0.0509428055140022,0.1294519916916041,2.490726296240273e-16
Style,ensemble_continuous_nc,early,2006-02-28,2012-09-24,0.1736456013273036,0.2576949146353232,0.282375195205881,-0.6712983668714023,-0.0874205642100688,0.0441138804073926,4.1985578352962944e-16
Style,ensemble_continuous_nc,middle,2012-09-25,2019-04-29,0.2309238938612213,0.0777629157158204,0.4369382487023272,-0.5157399494381414,-0.0461548106042515,0.0180255595137223,6.636522475259914e-16
Style,ensemble_continuous_nc,late,2019-04-30,2025-11-28,-0.210726778161099,-0.0348603460610125,0.4049143037080852,-0.5454779206531366,-0.1232688544352014,0.0571259427704049,5.282688413208363e-16
Style,reversal_continuous_nc,early,2006-02-28,2012-09-24,0.2558030539367852,0.3398523672448048,0.3394764279854776,-0.6141971340918058,-0.0760207676219588,0.0555136769955025,6.608521514736951e-16
Style,reversal_continuous_nc,middle,2012-09-25,2019-04-29,0.044180201749213,-0.1089807763961878,0.7992028577208354,-0.1534753404196331,-0.0595440295966852,0.0046363405212885,8.827506425640233e-16
Style,reversal_continuous_nc,late,2019-04-30,2025-11-28,-0.4997407498533117,-0.3238743177532251,0.6402308842381569,-0.3101613401230648,-0.1565304815620409,0.0238643156435653,4.3526089723429245e-16
GlobalCountries,defensive_momentum_nc,early,2006-01-04,2012-08-22,-0.2177379827848268,0.3095743849828254,0.2059632632980728,-0.7023900439510922,-0.0708585631995792,0.1269855234778689,4.3541559247017863e-16
GlobalCountries,defensive_momentum_nc,middle,2012-08-23,2019-04-17,-0.2945520134139574,0.2742804791594411,0.2451381447591851,-0.7002401438980519,-0.0969680400501873,0.1062118097824857,8.743006318923109e-16
GlobalCountries,defensive_momentum_nc,late,2019-04-18,2025-12-11,0.3629192787118302,0.7328716192281424,0.2465165878649094,-0.6386503430764552,-0.0268901595789008,0.115013107669656,3.3306690738754696e-16
GlobalCountries,ensemble_continuous_nc,early,2006-01-04,2012-08-22,-0.1373108595283133,0.3900015082393389,0.3762198403701952,-0.5321334668789699,-0.0850713791470912,0.1127727075303569,5.342948306008566e-16
GlobalCountries,ensemble_continuous_nc,middle,2012-08-23,2019-04-17,-0.2679976056276553,0.3008348869457432,0.4497195498959633,-0.4956587387612736,-0.1337552669798485,0.0694245828528246,1.5369649997154509e-15
GlobalCountries,ensemble_continuous_nc,late,2019-04-18,2025-12-11,0.5767691671877873,0.9467215077040994,0.4182079153725876,-0.4669590155687769,-0.0463221099453983,0.0955811573031585,5.551115123125784e-16
GlobalCountries,reversal_continuous_nc,early,2006-01-04,2012-08-22,0.4806559243736419,1.0079682921412942,0.8378574337507771,-0.0704958734983879,-0.0915163911750305,0.1063276955024177,7.077671781985373e-16
GlobalCountries,reversal_continuous_nc,middle,2012-08-23,2019-04-17,0.4332104358951768,1.0020429284685752,0.8554754721800905,-0.0899028164771464,-0.0676500577392983,0.1355297920933748,1.2871648191747909e-15
GlobalCountries,reversal_continuous_nc,late,2019-04-18,2025-12-11,0.600511072975865,0.9704634134921772,0.8931155322441233,0.0079486013027587,-0.0594536813678113,0.0824495858807454,5.551115123125784e-16
USBonds,defensive_momentum_nc,early,2006-01-04,2012-08-22,0.1229500498383879,0.0276092050607112,0.1607200517140866,-0.7248904735262136,-0.0290747091742543,0.0399105250526377,3.624417618807483e-16
USBonds,defensive_momentum_nc,middle,2012-08-23,2019-04-17,0.5904868669444832,0.189162041237997,0.1467341389392101,-0.6001348868510061,-0.0195637229800116,0.0083837627938062,5.0105018860097125e-16
USBonds,defensive_momentum_nc,late,2019-04-18,2025-12-11,0.4305344600036297,0.5407023257708744,0.1271779395267385,-0.6734635158604388,-0.0241403169038972,0.0443514952627988,7.941397107737155e-16
USBonds,ensemble_continuous_nc,early,2006-01-04,2012-08-22,-0.0258007250626428,-0.1211415698403195,0.3255620252403028,-0.5600484999999974,-0.055522114852378,0.013463119374514,5.691900276537518e-16
USBonds,ensemble_continuous_nc,middle,2012-08-23,2019-04-17,0.394301451399345,-0.0070233743071411,0.3000707018016243,-0.4467983239885919,-0.0393056648590446,-0.0113581790852267,8.90868580660681e-16
USBonds,ensemble_continuous_nc,late,2019-04-18,2025-12-11,0.0560748327484622,0.1662426985157069,0.2161261435893224,-0.5845153117978549,-0.0394311329718443,0.0290606791948517,8.178936915699881e-16
USBonds,reversal_continuous_nc,early,2006-01-04,2012-08-22,0.3326345117125397,0.237293666934863,0.4932479426001219,-0.3923625826401783,-0.0799399572063672,-0.0109547229794751,6.964788401013168e-16
USBonds,reversal_continuous_nc,middle,2012-08-23,2019-04-17,-0.6260819385526997,-1.0274067642591858,0.3984866187856578,-0.3483824070045583,-0.0616766220175412,-0.0337291362437233,9.423885187712598e-16
USBonds,reversal_continuous_nc,late,2019-04-18,2025-12-11,0.0535418627345287,0.1637097285017733,0.4832013648982025,-0.3174400904889748,-0.0395695352532597,0.0289222769134362,6.436708183202907e-16
Country,defensive_momentum_nc,early,2006-02-28,2012-09-24,-0.0370547882501462,-0.0034891396536238,0.2225533182374091,-0.6681447341738556,-0.0612006629059904,0.0263552534322566,3.193134444367357e-16
Country,defensive_momentum_nc,middle,2012-09-25,2019-04-29,0.0908726001577833,0.1423661393325359,0.2330918730335103,-0.7464425088092259,-0.0547991678366354,0.0506047226776013,2.798907046295882e-16
Country,defensive_momentum_nc,late,2019-04-30,2025-11-28,0.1238592213659406,0.3701652775442472,0.2564827787996894,-0.6740600373853607,-0.041503081223521,0.1361795727043284,5.538538826021879e-16
Country,ensemble_continuous_nc,early,2006-02-28,2012-09-24,-0.0874636668664643,-0.0538980182699418,0.477616298851668,-0.4130817535595967,-0.080183548204059,0.007372368134188,5.300424735763254e-16
Country,ensemble_continuous_nc,middle,2012-09-25,2019-04-29,0.1461442965571364,0.1976378357318891,0.4809222125402429,-0.4986121693024933,-0.0941221044551192,0.0112817860591174,5.177734899802546e-16
Country,ensemble_continuous_nc,late,2019-04-30,2025-11-28,0.2075423465896697,0.4538484027679763,0.5476981800558226,-0.3828446361292276,-0.0971160422691962,0.0805666116586533,9.19539903038835e-16
Country,reversal_continuous_nc,early,2006-02-28,2012-09-24,-0.0620634987660738,-0.0284978501695514,0.6929757909082527,-0.1977222615030121,-0.1045038870246947,-0.0169479706864476,4.820223533118816e-16
Country,reversal_continuous_nc,middle,2012-09-25,2019-04-29,-0.0130769405403867,0.0384165986343659,0.6611606182633392,-0.318373763579397,-0.0918904335781195,0.0135134569361171,4.597093071628071e-16
Country,reversal_continuous_nc,late,2019-04-30,2025-11-28,0.4079422834422034,0.65424833962051,0.705484388193269,-0.2250584279917812,-0.0608346022861393,0.1168480516417102,6.373123947702437e-16
